{
    "feedback": [
        {
            "peso_1": 0.3738633594088082,
            "peso_2": 0.5460149096868397
        },
        {
            "peso_1": 0.5506073264918155,
            "peso_2": 0.6110323086303697
        },
        {
            "peso_1": 0.5279147067507877,
            "peso_2": 0.39462339233092947
        },
        {
            "peso_1": 0.17332754756705163,
            "peso_2": 0.14400554554935524
        }
    ]
}